{"cameraMode":{"drawMode":0,"name":"Shaded","section":"Shading Mode"},"sceneLighting":false,"audioPlay":false,"sceneViewState":{"showFog":true,"showMaterialUpdate":true,"showSkybox":true,"showFlares":true,"showImageEffects":true,"showParticleSystems":true},"in2DMode":false,"pivot":{"x":-5.396708965301514,"y":0.967100203037262,"z":-4.332098007202148},"rotation":{"x":0.24236825108528138,"y":0.01816081628203392,"z":-0.004727199207991362,"w":0.9701934456825256},"size":1.0653191804885865,"orthographic":false}