{"cameraMode":{"drawMode":0,"name":"Shaded","section":"Shading Mode"},"sceneLighting":false,"audioPlay":false,"sceneViewState":{"showFog":true,"showMaterialUpdate":true,"showSkybox":true,"showFlares":true,"showImageEffects":true,"showParticleSystems":true},"in2DMode":false,"pivot":{"x":-0.9145147800445557,"y":1.0686311721801758,"z":-1.2314460277557374},"rotation":{"x":0.1811947077512741,"y":-0.16472108662128449,"z":0.030674465000629426,"w":0.9691622853279114},"size":1.0691440105438233,"orthographic":false}